filename,category,permalink,description,lat,lng
dd0d1aaa-eca1-4a90-96eb-b70bacb6641b..jpeg,works_well,https://urbanbelonging.app/minio/photo-uploads-prod/1b72cf8a-d1bb-4e4a-9163-d96993379dbf-1600.jpeg,Trolley bus Good clock on trolleybus connections and sensible lines  ,47.541534,8.698053
7f62e6ce-c9f1-4835-98e6-77833cccfba7..jpeg,works_well,https://urbanbelonging.app/minio/photo-uploads-prod/882a4f64-9fc1-4cba-8d80-5b4ba25cc1f3-1600.jpeg,"S-Bahn Good S-Bahn connections to all corrections, good pace to the wine country.  ",47.554565,8.694488
a5425307-1419-4053-8d59-4a082f1142c5..jpeg,works_well,https://urbanbelonging.app/minio/photo-uploads-prod/ee3107e3-1b1a-4a60-be48-f2879e16579e-1600.jpeg,"Inclusive to parents, disabled and old people The bus has a space where parents can leave the uncomfortable child carriages, for old people to sit and for wheelchairs. This should be strengthened, inclusion is key for people to receive the public transport as a good way of moving around. In tram stations but not aa spacious as in the bus.",47.42291,8.684185
1c08511a-6117-4448-95f8-38ed5f95d866..jpeg,works_well,https://urbanbelonging.app/minio/photo-uploads-prod/0aac5951-ec16-4b4e-8627-e02ed5a1b409-1600.jpeg,"Bike lanes are respected Bikes are one the most sustainable ways of moving, it should be respected and encouraged. Even tho there are some bike lanes and this survey is about public transport, i think bike lanes should be more supported in this Grüze area. It could be maybe strengthened if there were more bike lanes connecting the old town of Winterthur with the Hegi area. And a recreational area for biking (like bmx) ",47.42291,8.684185
004d06c7-cafc-4d73-8bf3-c2d1b261370e..jpeg,works_well,https://urbanbelonging.app/minio/photo-uploads-prod/cc31536d-5469-4c7a-b728-d99430e78a6d-1600.jpeg,"Future networking opportunities close to bus lines New networking opportunities make the people want to go out more and use this area, easily using more the public transport and less the car, liberating the space that they need in the streets. This would make the flow of buses more punctual. More investments in open spaces, green spaces, parks, cafes, bars, restaurants, etc. Places where people enjoy being, rather than just an industrial gray area. ",47.378227,8.537673
9886c266-6082-41b5-9745-209443482aa9..jpeg,works_well,https://urbanbelonging.app/minio/photo-uploads-prod/984b76d6-a593-43f1-8199-90e4e74e5094-1600.jpeg,"Juhuuu the barrier is up, fortunately I don't have to take the transfer.  Maintaining the barrier, as the route to the station is extremely shortened compared to the overpass. ",47.501602,8.751952
2ac6377f-34ca-4065-a26e-a5edf9762c08..jpeg,works_well,https://urbanbelonging.app/minio/photo-uploads-prod/34bf0ac2-df1d-41a5-97aa-62c083496f80-1600.jpeg,   ,47.501602,8.751954
7e2282a4-8aab-4360-bdec-8def12ff5a96..jpeg,works_well,https://urbanbelonging.app/minio/photo-uploads-prod/db5881fa-b821-4580-ba92-52d81b5ed06c-1600.jpeg,Large windows for observing landscapes   ,47.50161,8.751953
a66bf013-3f54-42dc-b946-23173cb9fb17..jpeg,works_well,https://urbanbelonging.app/minio/photo-uploads-prod/b1f5fa04-6b2f-4974-bf8e-5996b479fc3d-1600.jpeg,plenty of space in the trains It is pleasant and comfortable Also offer long trains at marginal times and do not shorten Partially at marginal times,47.38898,8.507662
773c6331-5aa5-43ef-b5ef-6c8610d8ef39..jpeg,works_well,https://urbanbelonging.app/minio/photo-uploads-prod/f5f4a448-12d1-4701-93d1-ea6cb53809df-1600.jpeg,On time Bus arrivals and departments on time even on a rainy weather  ,47.50247,8.764328
df5d92d8-e862-4648-bd03-8281674a439f..jpeg,works_well,https://urbanbelonging.app/minio/photo-uploads-prod/3fc71f17-f96b-4242-9798-2eb97aefd059-1600.jpeg,"Heating works very well It got very windy, rainy and cold fast Outside and the busdriver instantly turned on the heating, that works well  ",47.499924,8.762438
cdd7c221-ed60-4f44-8c8e-2b648490bd6d..jpeg,works_well,https://urbanbelonging.app/minio/photo-uploads-prod/4424d10b-4db4-4878-9d9d-9fd81d1d5750-1600.jpeg,"Bus stop very well delineated Its very important because the people need to know at which position to expect the bus. It makes the exchange of passengers more efficient. Preserved respecting the position, think as a fitting and spread along the lines. ",47.49579,8.741632
f0e044e4-6385-4b98-ba23-dcca442c279f..jpeg,works_well,https://urbanbelonging.app/minio/photo-uploads-prod/39d1684a-82a7-4cae-8e89-92b7fdfec61f-1600.jpeg,"Buses respect their distances 3 buses waiting to leave and pick up passgers, event though they are late, still don't rush and respect their turns and distances. I don't think it can be strengthened anymore, that's swiss culture. ",47.49674,8.740428
6bd90447-2ff9-402a-b931-7de9b50bdc92..jpeg,works_well,https://urbanbelonging.app/minio/photo-uploads-prod/60fc7373-0ce2-40be-b1a0-35ed0cb8f38d-1600.jpeg,"Pedestrian crossings at both sides of bus stop You can cross safely once getting off the bus, or going to the stop Not changing it ",47.503014,8.767903
95eff575-36bc-4bd6-b9ef-5fab0b9ee256..jpeg,works_well,https://urbanbelonging.app/minio/photo-uploads-prod/51382e7f-99ff-4af4-bf02-bbbc0753ab90-1600.jpeg,Estimated arrival time at bus stops I can estimate an exact time of arrival Keep as is On trains,47.502613,8.765862
79a856d4-ce5f-4d19-aa08-647bfa2b5fc5..jpeg,works_well,https://urbanbelonging.app/minio/photo-uploads-prod/f844beb0-c185-499c-8984-425f764785f9-1600.jpeg,Seats are usually very clean and in good condition Sitting on dirty seats is unpleasant Clean well Mostly in all trains relatively solid,47.305973,8.448873
0ad20697-59d5-4758-8be6-f9f7b3b599cf..jpeg,works_well,https://urbanbelonging.app/minio/photo-uploads-prod/82315e1c-3fc6-4714-8728-c24e03609e6c-1600.jpeg,Bus Its my favorite bus and it drives in a really good frequency. The politicaless of the staff. Every day,47.497852,8.716176
6794828e-3465-4c1e-960f-a9ced0691437..jpeg,works_well,https://urbanbelonging.app/minio/photo-uploads-prod/eaf8b1a4-a705-4837-96ad-872e533dc980-1600.jpeg,"Windows are usually clean and not scratched If you want to look out the window, clean windows are important. Window nice cleaning from the inside and outside In most trains",47.29661,8.447476
75006f50-a630-4838-91e1-d18b7704ecd7..jpeg,works_well,https://urbanbelonging.app/minio/photo-uploads-prod/19714699-3bcb-4b5e-82ea-cabf5b223815-1600.jpeg,Nice view There is a nice view from the bus. Nothing Not really that-s normal in Switzerland.,47.496235,8.713979
ffc38151-2794-48d7-a9f9-ed8788071fe0..jpeg,works_well,https://urbanbelonging.app/minio/photo-uploads-prod/0f33a4e0-5542-421a-8618-1757d7ac279d-1600.jpeg,Good fast connections from grüze directly to zürich   ,47.50161,8.751913
ca2eb3b3-3dfb-4d5c-bb21-3e8b1090deb2..jpeg,works_well,https://urbanbelonging.app/minio/photo-uploads-prod/64249e34-5088-4ef8-8fc8-9870308f199c-1600.jpeg,Stop Storchenbrücke stands on the side where nobody lives.. Place there is sufficient after turning the line 4. Crossing the road is long and dangerous for pedestrians.   ,47.490074,8.717019
f368942b-51b3-4830-9deb-383d0f4aa95b..jpeg,works_well,https://urbanbelonging.app/minio/photo-uploads-prod/0f33a288-733e-4837-bf25-5bd99e787998-1600.jpeg,alternative place for bus stop Storchenbrücke line 4 on the side where the passengers live.   ,47.49016,8.717011
b991490b-d245-4295-bf0f-a326fef96f12..jpeg,works_well,https://urbanbelonging.app/minio/photo-uploads-prod/3b87a239-1eb0-452a-8c08-a8d0bd3e4b00-1600.jpeg,Charging cable station for phone Because you can always use it. Nowadays you are very much at mobile. Especially in the evening when it is already dark I appreciate such stations very Not everytime the station is working More checking And more of that station in the bus. Often there are know who or less At the evening after work and low battery I approach it,47.49872,8.7243185
d51807a7-5f48-462b-b076-1d38cd002f19..jpeg,works_well,https://urbanbelonging.app/minio/photo-uploads-prod/2a50fc5c-975f-4186-9b00-c9130e372354-1600.jpeg,Punctual bus Because I get to my destination on time And it's cold outside and so I have to freeze I guess the bus arrives in time Couldnt been better Just happy how it is Often the bus is coming at correct time,47.497776,8.716852
35be8ff4-2b42-426f-84e6-e55807f6ffd0..jpeg,works_well,https://urbanbelonging.app/minio/photo-uploads-prod/8e879d4c-2b89-417f-bff6-d48d540b768e-1600.jpeg,   ,47.50154,8.723366
12f63da3-c779-48bc-8cd7-817f5a0eb10c..jpeg,works_well,https://urbanbelonging.app/minio/photo-uploads-prod/4dd1a630-218a-45bf-9fac-68ad9e13009e-1600.jpeg,Local train S-Bahn from Winterthur to Winterthur Grüze super on time Allows punctual arrival to destiny Keep infrastructure and operations management intact ,47.348713,8.574797
b7ee1818-a318-4309-a963-587e9187bbe5..jpeg,works_well,https://urbanbelonging.app/minio/photo-uploads-prod/3ca3ce97-92a4-4bf5-b247-ce477fbce49b-1600.jpeg,   ,55.781197,12.519927
22764211-f0d9-4320-bc23-58badf0923cc..jpeg,works_well,https://urbanbelonging.app/minio/photo-uploads-prod/75da8761-10bf-47b5-ae03-977ea79ff928-1600.jpeg,There's still room It's very quiet Maintaining Moral Practices Mostly in trains that are not too crowded,47.499527,8.722849
86555786-1610-4400-b30e-9b7c09195018..jpeg,works_well,https://urbanbelonging.app/minio/photo-uploads-prod/b5165e19-2ab7-48dc-a64c-6d13b7c034bb-1600.jpeg,Delays are made transparent you know what's going on and how much delay the train has continue to communicate well and be honest time and again in everyday life,47.27637,8.446775
203de081-6da6-4651-ab37-4c6675041e56..jpeg,works_well,https://urbanbelonging.app/minio/photo-uploads-prod/d1dda20f-bcd5-4c61-93f0-4460bfb04926-1600.jpeg,Animals are allowed in public transport and keepers ensure that the animals behave properly I find this very tolerant from the SBB Do not introduce any animal bans I keep seeing animals in public transport and there have never been any problems,47.26372,8.423975
2b0f9bb2-5f1a-428e-b9f9-fc57ceea03be..jpeg,works_well,https://urbanbelonging.app/minio/photo-uploads-prod/36bd527a-2cd4-42a0-80e8-6041598ce1ac-1600.jpeg,"even if it gets tight everything will remain respectful and do not need too much space for legs, backpacks, etc because the space is limited and you don't have to make yourself unnecessarily wide consider other guests in public transport almost daily at peak times",47.26372,8.423975
ab37489c-c669-4a76-9cca-51a4d6a0db81..jpeg,works_well,https://urbanbelonging.app/minio/photo-uploads-prod/33ab29f9-ff16-45fe-9b81-e99c054d5d44-1600.jpeg,"On Time, not too packed I的m in the office in 30min. Really spontaneous with great connection Everything was good ",,
54edf37b-a554-48f5-a58a-535138f8a775..jpeg,works_well,https://urbanbelonging.app/minio/photo-uploads-prod/c1f323a4-cda1-4e87-82de-2c6cef727ae4-1600.jpeg,Train is almost on time   ,,
1ba67aaa-8885-45d9-ab4f-ff28078224bb..jpeg,works_well,https://urbanbelonging.app/minio/photo-uploads-prod/482aa6f6-75d9-4f53-87b3-7e2bbd210c8c-1600.jpeg,Arrival in Winterthur without further delay   ,,
72dd05da-273b-476e-8128-417d7f09fdf8..jpeg,works_well,https://urbanbelonging.app/minio/photo-uploads-prod/1acd18fa-c4d9-4b00-9aaa-9ba44233f930-1600.jpeg,Train's here   ,,
a6f0fc21-00b3-46e0-aa63-ec9b19e0ac05..jpeg,works_well,https://urbanbelonging.app/minio/photo-uploads-prod/e87bfa51-f665-4410-b2a5-8c7c5e87f2e6-1600.jpeg,Connection train is still waiting or is already there.   ,,
2cff1bd8-6930-4f21-8846-4063e26e1ac0..jpeg,works_well,https://urbanbelonging.app/minio/photo-uploads-prod/cac2b3d6-65c7-405b-83a2-9be98104a71a-1600.jpeg,Now a short walk   ,,
ffd8478b-a20d-4094-8394-06799714ffc6..jpeg,works_well,https://urbanbelonging.app/minio/photo-uploads-prod/c8fd254c-b637-4e7f-8b01-ae29239487eb-1600.jpeg,   ,47.497894,8.729684
e79b1318-6f86-4e24-895c-f8ba2652771c..jpeg,works_well,https://urbanbelonging.app/minio/photo-uploads-prod/13d1f27e-63b3-4377-bae6-85f208a4358b-1600.jpeg,"Chess for everyone to play Gives a playful vibe, engagements the people together. Maybe build a food court around it to combine play and food. Lakes some chess boards in other cities in Switzerland.",,
9dcdb55a-971e-44d5-b01d-72ab37c3eb30..jpeg,works_well,https://urbanbelonging.app/minio/photo-uploads-prod/1cb30012-ff6e-445e-b383-21307f85e300-1600.jpeg,"Nice Park Meeting point for people Food stalls, events A park right in the old town, including a chessboard to play",47.4983,8.731007
bf25b9f6-5e9c-4c97-a7bc-b72ddf482ad6..jpeg,works_well,https://urbanbelonging.app/minio/photo-uploads-prod/9dc335f2-483c-4791-b3db-47a9ab24e178-1600.jpeg,well designed bus station Cause its the main station more green spots like trees ,47.498528,8.725016
6fafb616-53b3-4723-b2c3-d7120d81a3f3..jpeg,works_well,https://urbanbelonging.app/minio/photo-uploads-prod/cfc71c32-2679-4a2d-abb0-ad1d6cade92c-1600.jpeg,Lots of buses with lots of good connections The connections are very good planned and wave done with the informations from  ,,
ac50afed-0dd4-4178-a502-988606879ae0..jpeg,works_well,https://urbanbelonging.app/minio/photo-uploads-prod/9f266218-10e9-4ccc-883a-d82b092281b0-1600.jpeg,Transport Architecture Information poster about the construction and... ,47.500385,8.7307625
f6af2856-f44e-4759-9d01-a4eaa8aaf27d..jpeg,works_well,https://urbanbelonging.app/minio/photo-uploads-prod/782d2ef2-63f6-42b5-b5ce-6b11243bd1f5-1600.jpeg,"Design of the road makes calmer Before it was a normal street, me calmer now. It is new ready ",,
96e111c4-5e9b-42e0-8f15-692a68e1b1e3..jpeg,works_well,https://urbanbelonging.app/minio/photo-uploads-prod/8329ee40-d346-49fb-9f6d-9b5e93c3aba2-1600.jpeg,Large information panel Big information board.  ,47.499687,8.723647
b5ab3e7c-9e91-45a4-8a73-ffa475182b7e..jpeg,works_well,https://urbanbelonging.app/minio/photo-uploads-prod/72234c8d-41ff-4695-86a2-19e203dff74a-1600.jpeg,"Work right out of the train station, and then you find the bus   ",47.499638,8.723671
05e18e86-2289-413c-8a63-e658ebdad90d..jpeg,works_well,https://urbanbelonging.app/minio/photo-uploads-prod/2e5105b6-10ab-4d99-bb5f-ec562eb9c250-1600.jpeg,"Entrance track 1 is very simple and large Track 1 is open to the city, which means that there is a lot of entry and the barrier-free. Leave it that way ",47.499454,8.723809
4a253e01-abb9-4aa4-8e5e-6d2496ed3cbb..jpeg,works_well,https://urbanbelonging.app/minio/photo-uploads-prod/a0a33218-fe90-427a-af5e-b3eccad0748b-1600.jpeg,Good platforms The entrance to the bus is very easy. It is flat and barrier-free. Leave it that way ,47.499454,8.723809
c3be7987-1ee3-4336-aa3c-851bc539a7ff..jpeg,works_well,https://urbanbelonging.app/minio/photo-uploads-prod/03a168f7-3b47-4ca2-bc91-13c7b5c2f0f4-1600.jpeg,cozy indoor hall at main station in contrast to other stations Winti has a cozy interior which is also well heated in winter  ,47.499496,8.723418
c582ca9c-1224-4cf0-94d4-77d3cea3b188..jpeg,works_well,https://urbanbelonging.app/minio/photo-uploads-prod/79140f5e-e6e5-45cd-a5ab-b1c68fa771dd-1600.jpeg,Empty bus Pleasant journey  ,47.50046,8.732921
287060c6-a6d3-4918-8f59-73584a55f223..jpeg,works_well,https://urbanbelonging.app/minio/photo-uploads-prod/485f3dbf-43f6-46cd-a664-7bef2c04e1dd-1600.jpeg,Roofing The roofing is very good. It lets through a lot of light and is an optimal protection in case of rain.  ,47.499744,8.723533
319da23e-e8e2-4df1-8205-88f3865d4445..jpeg,works_well,https://urbanbelonging.app/minio/photo-uploads-prod/2132ddcb-571c-4a05-85a6-fd69cf9adec5-1600.jpeg,Newly restored schoolhouse Architecturally beautiful old building  ,47.498184,8.738951
5bfba099-dae7-43e5-b325-9976e96b6aaf..jpeg,works_well,https://urbanbelonging.app/minio/photo-uploads-prod/d5570cfa-3d50-49e8-91ae-131da8a8d2f5-1600.jpeg,"Restaurant near the train station I think it's good that there's a Riceup right next to Perron, because you can see from the track if the train is already there or not Pleasure before the train no something to eat ",,
56685ab6-4758-438a-8526-1f516c21b8f1..jpeg,works_well,https://urbanbelonging.app/minio/photo-uploads-prod/7649eed8-b0ed-4919-9a0f-3fa537b6e89b-1600.jpeg,Good cycling Important for a continuous bicycle connection through the city Further development of bicycle connections ,47.49812,8.745767
52ef5e95-4b28-4ed5-bd83-c4b4a94e5363..jpeg,works_well,https://urbanbelonging.app/minio/photo-uploads-prod/d0114216-aef6-4908-b7c8-f2d857c01766-1600.jpeg,Ticket devaluer right next to the ramp for underpass The ticket evaluation works so smoothly even if you have to stress on the train. Maybe second evaluator on the other side if one breaks. At other stations you have to walk a bit along the Perron to the next dewerter. At the station Winterthur one was already broken and you had to go to the next one.,47.498955,8.749786
1b49ca4e-0145-4453-85a7-05721bbc1aae..jpeg,works_well,https://urbanbelonging.app/minio/photo-uploads-prod/88f53800-5737-499b-91f5-7010129c59d4-1600.jpeg,Step-free bus access Entry and exit times are decreasing  ,47.496414,8.751983
f00c4b94-d069-4e8f-96ce-727d1e5e0f9f..jpeg,works_well,https://urbanbelonging.app/minio/photo-uploads-prod/855b8eb1-4ecd-4e0e-97d5-a1165514992d-1600.jpeg,Art Legal Grafitti upgrading industrial buildings Several such places in the industrial quarters ,47.497383,8.751247
7ac4b80a-f344-4365-b849-df3a11887209..jpeg,works_well,https://urbanbelonging.app/minio/photo-uploads-prod/b85324e2-0fe4-4840-96a0-8df517e7a238-1600.jpeg,Super chill place on this side of the train station Nice places to sit and watch the trains! leave the cars out just as now ,47.499138,8.721843
f825ceda-bd9b-4146-85e7-3e3b8c50ba9b..jpeg,works_well,https://urbanbelonging.app/minio/photo-uploads-prod/6bc094d6-a688-4522-84ed-970729bba31a-1600.jpeg,Art very nice element in front of a very large concrete wall. Makes this pass more pleasant. The elements could be green. With greening it would be even more beautiful ,47.49778,8.750919
d1d6e21c-0277-4158-be65-00d3bf896f3d..jpeg,works_well,https://urbanbelonging.app/minio/photo-uploads-prod/d4c244f9-4574-4b9a-8346-b249540fb31c-1600.jpeg,"Perfect new station underpass Wheelchair, bicycle accessible, families with stroller  At other stations",47.4988,8.750682
33cb8cf0-ade7-4d5d-a403-6c2815cfa3e6..jpeg,works_well,https://urbanbelonging.app/minio/photo-uploads-prod/3ffec29d-1877-4806-8797-02f6e762ff83-1600.jpeg,Direct Park and Ride   ,47.4993,8.72136
9528be5a-25b9-4321-ac6c-17e48ab2736b..jpeg,works_well,https://urbanbelonging.app/minio/photo-uploads-prod/836ba922-757e-4246-814b-eeaf1defed97-1600.jpeg,Big old trees These large old trees enhance the space next to the industry very positively. Covers the view of the large industrial building of the municipal utilities. With more trees. ,47.498863,8.751258
b521c363-ab05-42be-8111-11fefe0340aa..jpeg,works_well,https://urbanbelonging.app/minio/photo-uploads-prod/867455e2-3357-4610-bfc1-f31d06a3213c-1600.jpeg,Bright Lighting Makes the journy more confortable. Add more colors to the grey sourroundings. ,,
a012c644-d3e7-4ce6-b9e3-08c37299392f..jpeg,works_well,https://urbanbelonging.app/minio/photo-uploads-prod/82d160cf-ae54-4729-9de7-3bd7a36da3b6-1600.jpeg,Great bike station  Could be a little too small in the development of residential areas ,47.498913,8.750818
be4aa360-6fac-42aa-b8be-5ff0b076abcb..jpeg,works_well,https://urbanbelonging.app/minio/photo-uploads-prod/e7950abc-266c-4fe3-be8a-3db0cf06da85-1600.jpeg,Wide well-exposed underpass Safety even at night  Winterthur Hauptbahnhof new underpass,47.498856,8.750981
e8c8c524-cb1f-40b7-b429-4977c5970b8d..jpeg,works_well,https://urbanbelonging.app/minio/photo-uploads-prod/34e1628d-b9b3-4534-a7be-c52d79ee5572-1600.jpeg,"Bike parking directly at the train station Enough space, illuminated safely with the handle to close the bike Check so that no bikes are parked for a long time Winterthur Central Station",47.499493,8.75136
a427187c-9b38-43d7-aea2-8356b2fcb775..jpeg,works_well,https://urbanbelonging.app/minio/photo-uploads-prod/706a7f55-ebe5-41ff-80e0-eacf6eda6d99-1600.jpeg,"Nice entry to station. Open, inviting Good care of the infrastructure. ",,
ae40c1d0-221f-4152-9559-5babcd5c1c69..jpeg,works_well,https://urbanbelonging.app/minio/photo-uploads-prod/f76cc729-cd43-4b9c-a623-2d89762ee778-1600.jpeg,looks good   ,47.498875,8.750695
3b5a2271-0421-45ab-9676-7c7b47d3ed7d..jpeg,works_well,https://urbanbelonging.app/minio/photo-uploads-prod/0cbe1cc4-068f-4053-9258-bfa1da07808a-1600.jpeg,   ,47.500744,8.724112
31162a1f-6d34-4a61-acd1-7ee87f75d307..jpeg,works_well,https://urbanbelonging.app/minio/photo-uploads-prod/828db4c4-8cce-43a8-9fed-98dcad301218-1600.jpeg,"New transition Super new connection with the city, the new quarters Hegi and Oberwinterthur Extension of the station to complete the entire project ",47.4993,8.749814
b73ac43c-f267-404a-9baa-de3153050f9d..jpeg,works_well,https://urbanbelonging.app/minio/photo-uploads-prod/f424a38c-d0fb-4b00-8264-0edf79e5e793-1600.jpeg,Easy to find your track   ,47.498962,8.749873
87ff3add-97fd-4749-a8f2-e2f99bde272b..jpeg,works_well,https://urbanbelonging.app/minio/photo-uploads-prod/9f52e6c9-7a2c-4bee-a1e9-26710166a640-1600.jpeg,Beautiful Trees Beautiful Trees more trees ,47.49888,8.750446
81b98ebc-c0d5-4b5e-b377-247c2f5cdf5c..jpeg,works_well,https://urbanbelonging.app/minio/photo-uploads-prod/cb8cc5d4-89e9-401a-a647-5748c32061fd-1600.jpeg,The Perrons are well drawn It's easy to find the right exit edge  ,,
fba7cf39-6dd0-43d0-b239-460c97cda560..jpeg,works_well,https://urbanbelonging.app/minio/photo-uploads-prod/fcb57ee1-3067-4e20-b4db-f3bd88f61807-1600.jpeg,"Refreshing station design Adds Character to the station Refurbishment, inclusion in the new station rebuild. ",,
e0a1cde3-0c65-40af-bb6d-86f667a4b0aa..jpeg,works_well,https://urbanbelonging.app/minio/photo-uploads-prod/4cfd5f1d-9f1f-4cc7-b5f0-742c0af24b2c-1600.jpeg,Nice and quick connection. Convenient transfer bus-train in the future. With good maintenance ,,
80079bcb-dd16-4b2b-bf9f-d8e20ffd6039..jpeg,works_well,https://urbanbelonging.app/minio/photo-uploads-prod/6e15ef7b-f990-46bd-9d04-0b12db068c5d-1600.jpeg,"White walls The knowledge walls are very meaningful in the underpass as they light up the underpass very strongly with little energy If this looks sterile, you could distribute very small paintings on metal plates on the wall ",47.49592,8.751026
ed1891d6-dc06-472d-b346-dccbcfc82b5b..jpeg,works_well,https://urbanbelonging.app/minio/photo-uploads-prod/62fffcae-e8c4-447f-aca9-66e2712564e3-1600.jpeg,Bicycle parking system covered bicycle storage system. The system could be made even safer and it definitely needs more parking spaces. ,47.499207,8.751086
0a1f7097-940a-4e97-bd9d-3e67d050ec11..jpeg,works_well,https://urbanbelonging.app/minio/photo-uploads-prod/4955b0f4-f07e-4b86-8ce5-9c5dd53f6f89-1600.jpeg,Bicycle parking space a good covered bike parking space. It takes more parking space. The capacity of this storage system is now almost reached. The bicycle storage system could be made even safer. ,47.49899,8.750817
1da47b30-3fd7-4a6c-920c-8bf463463958..jpeg,works_well,https://urbanbelonging.app/minio/photo-uploads-prod/ffa84567-37a5-4a69-ba7f-fc451531d186-1600.jpeg,   ,47.498962,8.749784
ee5e6392-dd31-48b0-8bee-2ef009bb2eae..jpeg,works_well,https://urbanbelonging.app/minio/photo-uploads-prod/24743255-76e0-4759-a720-33262b89090e-1600.jpeg,Super train journey Comfort  ,47.499474,8.750247
d0f31852-15b7-42dd-a32b-99efe5e7fd1e..jpeg,works_well,https://urbanbelonging.app/minio/photo-uploads-prod/e1be87c1-35df-496c-91fa-6f1056a24cc9-1600.jpeg,wide modern Perrons wide and clear Perrons with our very sympathetic lecturers ;—) The roofing could be nicer. ,47.499023,8.750594
d54ec73b-dc8a-47ac-9ac8-2c7f81fea255..jpeg,works_well,https://urbanbelonging.app/minio/photo-uploads-prod/7cef1aa8-9108-4cfe-80f2-42dfb99129ab-1600.jpeg,"interesting design of the perron roofs The perron roofs are otherwise the same everywhere, by being different here it makes it a special station  ",47.49941,8.749542
836cdcee-7a97-409d-b707-4b5aaa737b69..jpeg,works_well,https://urbanbelonging.app/minio/photo-uploads-prod/553193f4-9f38-4806-abef-8182c15c4431-1600.jpeg,"Bicycle parking space Bike parking places are very important. The parking spaces could be considered and are not so safe depending on the location, as they are located directly on the road. ",47.499947,8.726061
d6ee9693-fa0c-4790-be65-0bde00ed7627..jpeg,works_well,https://urbanbelonging.app/minio/photo-uploads-prod/2c65914a-58a9-49b4-b219-c852307a89d2-1600.jpeg,Old Town beautiful quiet car-free old town. Invites to linger. more greening ,47.498436,8.726901
ab91f454-80d9-46f8-b79a-0d3f79f01d8a..jpeg,works_well,https://urbanbelonging.app/minio/photo-uploads-prod/33e870a1-d4f5-4867-91f7-a314da27bd4c-1600.jpeg,Return   ,,
298db538-6983-4bc9-baf1-c42a7616143b..jpeg,works_well,https://urbanbelonging.app/minio/photo-uploads-prod/58718066-3ea9-487d-8c91-d2579cfe847d-1600.jpeg,Train's on time.   ,,
d03343d2-97ba-439a-b8d2-a6372ea0bd4a..jpeg,works_well,https://urbanbelonging.app/minio/photo-uploads-prod/de0a9806-3546-4388-a415-999e1bb07653-1600.jpeg,Train is punctual   ,,
96dbd997-9d4b-4864-816f-991624aa62a4..jpeg,works_well,https://urbanbelonging.app/minio/photo-uploads-prod/0087c5ae-ec11-49cd-a6b9-4f087ed88fd2-1600.jpeg,Connecting train is waiting.   ,,
e6fff8e9-cdd7-4b96-9a42-9bd5bb6bb6bf..jpeg,works_well,https://urbanbelonging.app/minio/photo-uploads-prod/e055a5c8-fcae-4dfd-849b-45b17ab9805c-1600.jpeg,Just arrived on time.   ,,
0b572652-8771-4886-bc98-f089f6f6abf6..jpeg,works_well,https://urbanbelonging.app/minio/photo-uploads-prod/dbdd7ea2-5b26-4799-b07f-f396d1be935f-1600.jpeg,Clean bus   ,47.494663,8.750704
401c5eff-04e5-4aff-b3e9-ccbb3308ab0b..jpeg,works_well,https://urbanbelonging.app/minio/photo-uploads-prod/a119812a-0f3a-4618-bb06-75a9d033eaef-1600.jpeg,there is light that you see something in the evening you need light to see always control the sources of light that they work properly evening in bus and trains,47.275707,8.446482
9c64ccda-26ef-400e-9434-52cf9ea4a508..jpeg,works_well,https://urbanbelonging.app/minio/photo-uploads-prod/4a6ab2b6-8521-4ca0-a296-2cc926106187-1600.jpeg,it is taken into account for people with limitations All must be included and have the possibility to use public transport. Respect for All People Generally in buses and trains,47.27086,8.440041
31df8018-0ef5-495f-bbfd-d9905d778d76..jpeg,works_well,https://urbanbelonging.app/minio/photo-uploads-prod/ead7f504-9e2b-402b-82b7-485ab95b5ffd-1600.jpeg,Good location Very good: drinking well nearby  ,47.501038,8.72336
35fad162-3040-4e2f-862c-024717d91816..jpeg,works_well,https://urbanbelonging.app/minio/photo-uploads-prod/2bcead98-1c9a-474d-88ae-91961cf8b82d-1600.jpeg,View New Underpass Helpful hint which stairs to use  ,47.500793,8.723183
bb2b34fb-6f1e-4b01-8558-4bdef4dde811..jpeg,works_well,https://urbanbelonging.app/minio/photo-uploads-prod/9b078ace-db72-4f82-b0a2-979a9cb04650-1600.jpeg,Pleasant waiting room   ,47.500977,8.723324
eafe9bb0-c7eb-4308-86ee-1933ce05d186..jpeg,works_well,https://urbanbelonging.app/minio/photo-uploads-prod/491a3f5c-b2e1-4e04-980b-002a51f7e315-1600.jpeg,Separate underpass   ,47.500916,8.723274
93aeada6-8729-4cd6-910d-0debed362cab..jpeg,works_well,https://urbanbelonging.app/minio/photo-uploads-prod/01e7f7ea-6067-4274-91bb-0376e778a5c7-1600.jpeg,"All buses are punctual. Time of the picture is 08:00, that the buses arrive with punctuality is important because most usera use the public transport to commute to work. Our jobs are dependable of the constant continuity of the buses. Even though they arrive at the estimated time the wait between buses of the same line is between 10 and 20 min, meaning that if an user doesn't catch one, the next one would be too late to get on time to the destination. Same problem applies if one bus is late and 3 buses of the same line arrive with 2 min of difference between each other. Just other bus lines in Winterthur and other cities in Switzerland, only buses though.",47.504524,8.771718
00355db6-c4f3-4050-8534-cfc93011a80a..jpeg,works_well,https://urbanbelonging.app/minio/photo-uploads-prod/6eb73c2f-d14e-4579-b344-b341829c84f7-1600.jpeg,the seats are clean I want to sit on clean seats Regular cleaning and mindfulness of passengers daily in train and bus,47.356964,8.448515
6d2c70b0-33a8-410a-9d4f-1ca9ffa30300..jpeg,works_well,https://urbanbelonging.app/minio/photo-uploads-prod/29349eae-fb20-4b88-a78a-d0761c350776-1600.jpeg,   ,55.781197,12.519927
839dda4a-531d-47b3-97ec-51183fb62ea4..jpeg,problem,https://urbanbelonging.app/minio/photo-uploads-prod/c3d7f422-2f0e-4941-8ab4-9f6b983ad75e-1600.jpeg,Underpasses Old Town-Archhöfe Underpass is only useful for passers-by between the old town and Archöfe. The underpass is therefore poorly used.  ,47.55716,8.691998
ce54f5c1-68c3-49ae-8e21-973bb8b14434..jpeg,problem,https://urbanbelonging.app/minio/photo-uploads-prod/2868da93-300f-49fa-b6bf-e52442ec899f-1600.jpeg,Connecting train delayed.   ,,
2c4d4efd-acea-4703-a6c6-e5dfc3d850ee..jpeg,problem,https://urbanbelonging.app/minio/photo-uploads-prod/948e8fa8-b880-4bfb-9df3-aede578b0a61-1600.jpeg,"Traffic creating delays In the picture isn't appreciated, but is a lot of traffic in this area between two gas stations near the shooting range. Every time the bus crosses this roundabout, gets delayed due to the traffic Well the cars going in and out of the gas station and supermarkets create the delays, maybe opening another lane that facilitates the cars leaving Winterthur helps the traffic. ",47.397484,8.596347
161b0609-198f-4454-a27e-b79ee4407cbc..jpeg,problem,https://urbanbelonging.app/minio/photo-uploads-prod/fe9a5c62-2a9f-413d-a9fd-8a4d6842a362-1600.jpeg,Even more garbage on the way to the station   ,47.501602,8.751954
4acc68c4-6931-4b1b-847d-75076a447644..jpeg,problem,https://urbanbelonging.app/minio/photo-uploads-prod/364bf294-183d-42fc-95af-cba0c1628663-1600.jpeg,"Lots of garbage on the way to the station and around the station. Ungood feeling, reduction of location quality  ",47.501602,8.751953
2899a519-33fd-428e-8e8a-56af242c1bd3..jpeg,problem,https://urbanbelonging.app/minio/photo-uploads-prod/e638ad4f-974f-42a4-aed4-517d3f96f39c-1600.jpeg,Bright soils often polluted  More cleanings or other floor paint ,47.501602,8.751954
d0a68919-6723-4dcc-be1c-cd44e233bf89..jpeg,problem,https://urbanbelonging.app/minio/photo-uploads-prod/4e27e9b3-e458-41ef-9785-cf47fd4c97e1-1600.jpeg,Information panel defective It hasn't worked for months and has never been repaired Regular control and maintenance rounds ,47.501602,8.751955
b7514b81-c536-4195-be5b-c9e0093eb919..jpeg,problem,https://urbanbelonging.app/minio/photo-uploads-prod/28831250-ee61-4245-ad6b-4de50a6ac502-1600.jpeg,Disabled access to the platform is very far from the shelter Disabled people must go much further down a relatively narrow platform to shelter from bad weather. I-I-I-I-I-I-I-I-I-I-I-I-I-I-I-I-I-I-I-I-I-I-I-I-I-I-I-I-I-I-I-I-I-I-I-I-I-I-I-I-I-I-I-I-I-I-I-I-I-I-I-I-I-I-I-I-I-I-I-I-I-I-I-I-I-I-I-I-I-I-I-I-I-I-I-I-I-I-I-I-I-I-I-I-I-I-I-I-I-I-I-I-I-I-I-I-I-I-I-I-I-I-I-I-I-I-I-I-I-I-I-I-I-I-I-I-I-I-I-I-I-I-I-I-I-I-I-I-I-I-I-I-I-I-I-I-I-I-I-I-I-I-I-I-I-I-I-I-I-I-I-I-I-I-I-I-I-I-I-I-I-I-I-I-I-I-I-I-I-I-I-I-I-I-I-I-I-I-I-I-I-I-I-I-I-I-I-I-I-I-I-I-I-I-I-I-I-I-I-I-I-I-I-I-I-I-I-I-I-I-I-I-I-I-I-I-I-I-I-I-I-I-I-I-I-I-I-I-I-I-I-I-I-I-I-I-I-I-I-I-I-I-I-I-I-I-I Extended the shelter to the disabled access ,47.501923,8.768215
28b13e8c-a8d7-4a0e-b9f9-204b9c0ac652..jpeg,problem,https://urbanbelonging.app/minio/photo-uploads-prod/3ec353c0-0ecf-46e7-8b17-3032a06a192a-1600.jpeg,"At level platform access directly from park The path through the park leads directly onto the platform, where trains pass regularly at relatively high speed. There is a playground nearby and children frequently play close to the station, ride bikes etc. I am Concerned about safety, as it seems that an incident could easily lead to someone landing on the tracks Build a chicane railing to ensure one cannot coincidentally get from the park into the station ",47.501923,8.768215
dacaa080-adac-4ea5-9336-8d5dad0abbdc..jpeg,problem,https://urbanbelonging.app/minio/photo-uploads-prod/203eea3b-a03a-4497-9028-e030c5e93497-1600.jpeg,8 minutes late on arrival. Connection train is gone.   ,,
c1fd36c1-26ae-4e98-9d57-2c243c99063f..jpeg,problem,https://urbanbelonging.app/minio/photo-uploads-prod/56f1ea5f-5c01-4180-87ee-71e011abacf1-1600.jpeg,"Bus came late Its raining so I guess the traffic is worse than usual. But considering that bus lines are free this shouldn't be a problem I believe is just people that rush to get into a crowded bus due to the rain, that possibly delays it. Maybe larger roofs on bus stations ",47.49825,8.73952
8632d98d-440a-4fd3-a9d2-c64d1724ad4c..jpeg,problem,https://urbanbelonging.app/minio/photo-uploads-prod/77b5cddb-5d25-4431-aa4e-2f0f89c8638e-1600.jpeg,"Display of non-operation Didn't know exactly where I was, when I arrived, how long the trip still goes  ",47.50159,8.752191
df8a7931-654f-40ff-b161-49b509f5ec56..jpeg,problem,https://urbanbelonging.app/minio/photo-uploads-prod/5d57fb68-f75b-40d9-99f2-16a9fd26935a-1600.jpeg,Someone who hears his videos and music loudly again:(   ,47.50161,8.751913
25d256e0-f780-4a32-a41f-cab66c15c7d0..jpeg,problem,https://urbanbelonging.app/minio/photo-uploads-prod/1fc6c7a9-326d-4b84-bb52-8ba167f73bf2-1600.jpeg,"Small luggage storage In the luggage rack has almost nothing, only very flat/slim things, everything else must be stowed under the seat or on itself  ",47.50161,8.751913
9e9cf25f-779c-4e5a-b07f-94b19fdf60e0..jpeg,problem,https://urbanbelonging.app/minio/photo-uploads-prod/4e1fe785-bac4-42f9-9a4d-349fa7980a78-1600.jpeg,"From Aadorf to Winterthur, Stöhrung an der Bahnanlage   ",47.49872,8.863374
032d8054-0c3d-47d7-bcd8-6cace58c775a..jpeg,problem,https://urbanbelonging.app/minio/photo-uploads-prod/ba99e5a5-9a7a-4a53-9127-b9baae46852a-1600.jpeg,   ,55.781197,12.519927
f1f2c7ee-4a07-4280-8455-a6f29af90935..jpeg,problem,https://urbanbelonging.app/minio/photo-uploads-prod/81477721-a372-4981-ad67-ece75f927981-1600.jpeg,"Display on screen not working, neither in- or outside Unclear if the correct train was chosen on the way to Winterthur Fix the technical problem and communicate orally ",47.365986,8.549174
9e913236-11b2-4269-a335-13a55d67acf9..jpeg,problem,https://urbanbelonging.app/minio/photo-uploads-prod/78029443-f409-482f-8878-f3bfb42c6444-1600.jpeg,"Little green, lot of traffic, little alternative foot traffic  More greenry At other mainstreets",,
90287b9b-0f86-40a6-b87b-969c6bfb20bb..jpeg,problem,https://urbanbelonging.app/minio/photo-uploads-prod/34b59d09-a53c-4e0a-8e10-912b18da3548-1600.jpeg,"no trees, not a lot of green spaces   ",47.497894,8.729684
8a0ef05f-0302-473a-8190-c9cd7edee563..jpeg,problem,https://urbanbelonging.app/minio/photo-uploads-prod/8530ac15-9be2-4626-bc04-a49a0b40d064-1600.jpeg,Not clear where we can cross   ,47.49909,8.72399
f82d95ff-d2e6-4b95-a68f-4f32a6252f77..jpeg,problem,https://urbanbelonging.app/minio/photo-uploads-prod/9676929a-3210-4aa4-a6ab-4a4745e8a183-1600.jpeg,Buses and people get in the way   ,47.49915,8.724024
71f5cabb-8e40-4dfc-b100-3626b36a9112..jpeg,problem,https://urbanbelonging.app/minio/photo-uploads-prod/47cd012f-22e8-4e99-8364-3dcaec0ed14d-1600.jpeg,busy crossing of buses and crossings for pedestrians Many buses queer the intersection and at the same time many pedestrians want to reach the station  ,47.499554,8.723764
39e08d74-327f-4fbe-b619-5ee31b5aabcf..jpeg,problem,https://urbanbelonging.app/minio/photo-uploads-prod/c9bc4ba6-eb35-4389-af5b-3c1347f5a389-1600.jpeg,Buses and people   ,47.49935,8.723828
a591bc3e-c552-4714-a814-b7f2399c098b..jpeg,problem,https://urbanbelonging.app/minio/photo-uploads-prod/cc7227c7-95f1-49e8-a115-e6c1a806ab63-1600.jpeg,"Lots of concrete, no green There is so much concrete and not a lot of enjoyable space More greenry Zurich Mainition",,
6d90f15d-a311-495b-a69c-f84fa422b101..jpeg,problem,https://urbanbelonging.app/minio/photo-uploads-prod/020db122-9604-4d98-99c4-fa2a734ffaf2-1600.jpeg,The lower cycling pitches are full. To lift up the bike is laborious. Many would probably put the bike next to the bike places. Offer more ground-level cycling pitches. There are double-storey bicycle parking spaces in many places. Mostly the upper floor is very little used.,47.4989,8.749856
e6f16fd7-c4a5-4728-bfb7-80b8d2a809b6..jpeg,problem,https://urbanbelonging.app/minio/photo-uploads-prod/4a0c0f39-34ec-4418-816b-b7af955d22cd-1600.jpeg,"To much cable in the sky You cant see the beautiful trainstation because of all the cables Less cable Centeal spots like in zurich centeal, bellevue, albisriederplatz erc.",,
349d7156-85d1-488e-8bdd-fd8541e893e9..jpeg,problem,https://urbanbelonging.app/minio/photo-uploads-prod/2facfec2-bb6d-4c41-bfdf-f018ff79676e-1600.jpeg,The crossing of buses people and cars is in the early hours really chaotic You never know if you can cross safely  ,47.49771,8.726784
24b4ab6a-ed49-4c15-aa3d-7bbe332b39d4..jpeg,problem,https://urbanbelonging.app/minio/photo-uploads-prod/c3166007-86b2-4d89-a3f9-e6b34fee7d87-1600.jpeg,"Dark non-hospitable area In the basement of the station is this non-hospitable area. Bad light, no seating, no greening or other creative elements. The tables are often stained. The area does not invite you to linger. With an upgrade, e.g. a soft renovation. ",47.49951,8.723614
34dbca9c-e4b9-4540-95b0-3117df157fcb..jpeg,problem,https://urbanbelonging.app/minio/photo-uploads-prod/7f8246a8-984b-4bbd-84f8-86489ea81bb0-1600.jpeg,"Pre Information about bus departments When you arrive by train, it is difficult to get a quick overview of the departing buses. If you have little time this can be crucial Let the departures in the next 2' appear significantly larger on the screen. so you will be pointed out faster that you have to hurry and immediately see which edge the bus is driving at ",47.499405,8.72387
41b9bddb-4841-4531-ae90-0b4d41c08729..jpeg,problem,https://urbanbelonging.app/minio/photo-uploads-prod/0afa0185-0717-4033-92f5-5577d13c1c59-1600.jpeg,Trucks take space Two trucks (come a third one later) were on the sidewalk and on the place. There unloaded. It has less space to walk and it doesn't feel safe. Make a place to unloed. ,47.498806,8.724359
59c4cc96-443a-4ff7-ac08-adf83388e916..jpeg,problem,https://urbanbelonging.app/minio/photo-uploads-prod/4fd011c8-3fd8-4da6-8b43-3b73be00e503-1600.jpeg,Taxis in th way When going to the bus station you always have to walk through these taxis. A bit dangerous and just annoying. Wrong place for them to wait. Move them to a different location! ,47.49944,8.723951
39d7e9e3-3374-4000-9504-3fb55eee219f..jpeg,problem,https://urbanbelonging.app/minio/photo-uploads-prod/c438a270-dfe8-42e8-abd0-d6a721f9b772-1600.jpeg,People wait here and block the passage to the train station  Move the department board to somewhere else ,47.49958,8.723718
e04589d1-0cc0-436d-90d8-db9dcd3564f1..jpeg,problem,https://urbanbelonging.app/minio/photo-uploads-prod/47227953-c191-4e04-844a-76a8db52715b-1600.jpeg,"When is bad weather (raining ) it is not possible walk dry to the buses The roff can be sleeppery and it is very (""müesam"") Make a greater roof, chanting the design, it is not vedy easy to change. ",,
3fbd0d32-a94a-49eb-a19a-dca70bf7b5c3..jpeg,problem,https://urbanbelonging.app/minio/photo-uploads-prod/73d466d5-2587-4830-8a9e-d84629578ecd-1600.jpeg,"Confusing crossing Difficult crossing with buses and taxi. I see a lot of ""close"" calls here. honestly no idea ",47.499237,8.723927
5791ae04-8ed4-431d-8681-fc7e1a0ab1ae..jpeg,problem,https://urbanbelonging.app/minio/photo-uploads-prod/fb7083df-d40c-49a2-b435-e25d40792097-1600.jpeg,Not accurately levelboarding Not convinient Rise platforms ,,
6e1d2719-8566-4e0f-99a4-3bf2defe3964..jpeg,problem,https://urbanbelonging.app/minio/photo-uploads-prod/8132ecbc-281c-4ca7-92ee-53d83893005f-1600.jpeg,"Taxis are in the way To get to the station you have to walk through the taxis Yes, you have to move the taxi stand ",,
0eb46ba4-3cc4-4b5c-b25f-03277afc382d..jpeg,problem,https://urbanbelonging.app/minio/photo-uploads-prod/2978f1e3-8eca-4c58-b1c1-b6e5f881d489-1600.jpeg,Departure information is available twice. here are two departure screens and at the other entrance (city gate) there is no screen. The departures are also not visible from the bus terminal  ,47.49969,8.723607
304197d5-d126-4f98-90d9-f51b9c5b393e..jpeg,problem,https://urbanbelonging.app/minio/photo-uploads-prod/64db3b4d-f3a4-4f53-878c-6f4cac426da7-1600.jpeg,Door opens to customers It blocks the door and makes a lot of noise. Doors that open outside. ,47.500397,8.730626
148ab6cc-1ebd-4590-a75d-6d8f8ca6cfaf..jpeg,problem,https://urbanbelonging.app/minio/photo-uploads-prod/3db19d53-4384-41e9-b366-9f1363024763-1600.jpeg,"Not friendly, feels not safe Due to wide lanes speeding is encouraged. Makes the road maller, make the sidewalks and bycicle path. ",,
ff6f45f7-1e93-41c2-a954-b12e21737749..jpeg,problem,https://urbanbelonging.app/minio/photo-uploads-prod/668be960-e4e2-4d07-aeea-d7695be16790-1600.jpeg,"No way for bikes to cross the train station, but they are working on it at the moment.   ",47.49873,8.750703
32e83019-8576-426b-970f-8bdd7ca28ef9..jpeg,problem,https://urbanbelonging.app/minio/photo-uploads-prod/f075a9b1-cd67-40f8-a8aa-57784a52e7fa-1600.jpeg,Not friendly Smog. Noise. Locate out of town. ,,
76581b3d-9cf8-4a3a-b9dc-ab69b403b904..jpeg,problem,https://urbanbelonging.app/minio/photo-uploads-prod/feac0950-9f02-4a5d-a219-08cb138602a7-1600.jpeg,Bike riders loose a lot of time crossing the railway tracks as they have to walk in the subway   ,47.498714,8.750609
0d0595f0-9da2-48a1-b39c-1007e8db6702..jpeg,problem,https://urbanbelonging.app/minio/photo-uploads-prod/060e0bac-1b7b-4283-9fcb-e1adc336dc06-1600.jpeg,"Weird structure, very plain. Does not upgrade the view of the street. Replace with greener things. ",,
dc1dc5fb-5468-497c-9614-20acf691eacb..jpeg,problem,https://urbanbelonging.app/minio/photo-uploads-prod/a6024171-49a4-4e4c-b4ab-1079bd18dd35-1600.jpeg,"No waste separation Those who value waste separation do not like to use these buckets. Replace with separate multi-waste buckets. At small stations there is almost never waste separation. Especially pet bottles I often dispose of at stations. But if the separation is missing, I prefer to take it with me to the next big station.",47.49911,8.750984
204ea51e-14ca-4fe3-a143-cc7f390240cb..jpeg,problem,https://urbanbelonging.app/minio/photo-uploads-prod/2b49a3f3-1ec8-467c-8f28-6905626ee7e2-1600.jpeg,Hard to find if you are in a rush   ,47.4993,8.72136
1ffabcae-5376-48f3-9843-fd3874ff57e5..jpeg,problem,https://urbanbelonging.app/minio/photo-uploads-prod/581e11d6-46ca-4bfc-8cec-704717a41d41-1600.jpeg,Parking A parking lot has almost no benefit for commuters. The vehicles are not a beautiful sight. Pick up the parking lot or an underground car park. ,47.498993,8.750354
49c78b7c-32e6-43c5-b363-929dacd6166b..jpeg,problem,https://urbanbelonging.app/minio/photo-uploads-prod/bc5b870a-da21-440c-81f3-34ba05eee7b9-1600.jpeg,A waste mountain Such a mountain of garbage bags is ugly. Directly next to the station is Maag Recycling. The recycling area right next to the station is basically very uncomfortable. It causes noise and looks very chaotic. Maag Recycling should be relocated. The area could be used much more meaningfully. ,47.498867,8.750455
331a9865-de2e-4631-a65a-2174431b34fa..jpeg,problem,https://urbanbelonging.app/minio/photo-uploads-prod/906066a4-0d54-408a-a042-59fb931fc44f-1600.jpeg,"No driving in underpass is often ignored by cyclists.  However, bicycles officially allow to drive slowly with notice. ",47.499496,8.751376
baf1bc29-88d6-4385-af74-38ce32597ce6..jpeg,problem,https://urbanbelonging.app/minio/photo-uploads-prod/fb661df0-5939-4093-b1ae-2a4e04b9228b-1600.jpeg,All concrete Unbelievable and not welcome Paint the walls ,47.498817,8.750297
d333af5a-af57-4543-8c31-f4fdb4d008fa..jpeg,problem,https://urbanbelonging.app/minio/photo-uploads-prod/d2f2345e-6adf-400e-86e5-a0ffb9f96e9a-1600.jpeg,Paint point. Hard to cross with bikes   ,47.500214,8.7514
3e3eb5db-d5d7-460b-a15b-f8a93f85ef1f..jpeg,problem,https://urbanbelonging.app/minio/photo-uploads-prod/bbde5965-c73e-4071-9163-5e0b134aea24-1600.jpeg,Sterile guide grit The underpass is nice bright but a little monotonous You could meh with colors what to do But bright colors so it's not too dark ,,
ffab36ea-fff5-429e-80b8-eb9498d7e292..jpeg,problem,https://urbanbelonging.app/minio/photo-uploads-prod/0f5e6e5a-1dc7-447c-b300-1acfc7e6042a-1600.jpeg,No bike access? No bike access  ,47.49914,8.749893
0b3fdb01-b8e8-4b31-a719-6c21eca941d8..jpeg,problem,https://urbanbelonging.app/minio/photo-uploads-prod/b24ac363-5665-47a9-91d8-4d9c1427583d-1600.jpeg,   ,47.499596,8.723112
1a6c890b-80c7-476b-bdfb-f03f94a06c5b..jpeg,problem,https://urbanbelonging.app/minio/photo-uploads-prod/5eed5e63-cbce-4017-bbd8-e12ee9a71fc1-1600.jpeg,Not a nice shelter if it rains   ,47.498962,8.749784
f023e50f-1d9b-4dfe-a44f-7ac1a3a0d173..jpeg,problem,https://urbanbelonging.app/minio/photo-uploads-prod/0f64be4d-b795-48c6-aed8-1e5d7af96b08-1600.jpeg,Usless place Empty lot not nice to look at A couple of benches and trees would be nice ,47.49914,8.749893
41f3197d-2414-4057-954e-002ce9c05310..jpeg,problem,https://urbanbelonging.app/minio/photo-uploads-prod/0984cdba-f872-4b24-9719-e393595d1a6a-1600.jpeg,"Relatively dark station No good lighting, even during day Open up the top with glass ",,
40ba6014-b718-4d6a-9e7d-83b32a6f2ebe..jpeg,problem,https://urbanbelonging.app/minio/photo-uploads-prod/30e92ac9-ddce-4247-b7c1-aed380318d4d-1600.jpeg,Missing ticket machine on the back of the station. Whoever comes from this side must pass under the whole station to solve a ticket. Place ticket machine ,47.49874,8.750626
1fb62b5f-dd2b-4cfc-9ede-3ab9b35a6cab..jpeg,problem,https://urbanbelonging.app/minio/photo-uploads-prod/a2ce1eaf-584e-4765-a765-2268f24e2298-1600.jpeg,Not inviting to stay long A little dystopian old vibe Repaint and put in more bright colors ,,
f709262e-947c-492e-a4f8-61d7a8988a29..jpeg,problem,https://urbanbelonging.app/minio/photo-uploads-prod/028dc30b-bc5d-49b1-bd08-4ea173e0576c-1600.jpeg,"It's too dark No place for long stays More glass, better lighting paint the station white ",47.499657,8.722663
059bdbfc-4448-41df-9713-863d9b3454e9..jpeg,problem,https://urbanbelonging.app/minio/photo-uploads-prod/9dc1114a-501b-4d22-82ce-066985ed5eab-1600.jpeg,"Delay in train Onward journey, time is money  ",47.49957,8.723072
278bc7ec-aaca-4302-a503-55466deab987..jpeg,problem,https://urbanbelonging.app/minio/photo-uploads-prod/8026f01f-9821-41c0-a8ed-90f1d1d81058-1600.jpeg,Why block the entrance on a bycicle connection Does not enhance the use of the velo station Remove the blockera ,,
1ee6eb52-d2bf-4b76-a200-a5d91c2d59f6..jpeg,problem,https://urbanbelonging.app/minio/photo-uploads-prod/7cd8b8f5-c4b5-408b-b4f5-3eaa6eca75ba-1600.jpeg,Pollution on the tracks  Buses for pollution ,47.499275,8.722636
e9bf7333-b95b-49c6-87a0-220f9b2f32b7..jpeg,problem,https://urbanbelonging.app/minio/photo-uploads-prod/c802be1c-3cea-422a-b341-447bd538b1ae-1600.jpeg,Bike parking entrance to narrow You can't drive directly to the parking lot Broader ascent without building such a curve ,47.49901,8.722964
5a20efdf-4c2c-488f-86fc-d99edcfd1a6e..jpeg,problem,https://urbanbelonging.app/minio/photo-uploads-prod/209657fd-dcb7-4914-af63-9de2c5741a3d-1600.jpeg,"Noone sees this peoplecrossing signal No good signaling or markings, so nobody realizes that there is a redlight potentially. Mark the ground with a streetcrossing ",,
2982bea9-10ed-4a5b-b08a-f00bcd582ee5..jpeg,problem,https://urbanbelonging.app/minio/photo-uploads-prod/41235f39-0325-40c7-aff1-8feb4c53947b-1600.jpeg,"Roofing Very dark, not nice roofing. Even in daylight the station feels gloomy. Upgrade of the roofing. more light. ",47.500957,8.724168
95e31343-c238-4525-ad54-8424209cc634..jpeg,problem,https://urbanbelonging.app/minio/photo-uploads-prod/cd81c7b0-61c1-4cb4-a711-170b01cab4fb-1600.jpeg,No green plants Too little water Pay More Attention ,47.49885,8.724251
6b679b6d-32cf-4078-b854-2b148446c480..jpeg,problem,https://urbanbelonging.app/minio/photo-uploads-prod/cda8a214-5dc5-4a81-b7dd-d2c2baefa84f-1600.jpeg,"no crossing to the other side dangerous to get to the other side, long walk to other crossings make a crossing ",47.49752,8.732062
b9cafa6f-5369-4d38-8e36-5397140da0d5..jpeg,problem,https://urbanbelonging.app/minio/photo-uploads-prod/677ef019-fc1a-4f16-910b-847161f0d622-1600.jpeg,"What is this? Road, car park or pavement? Once got run over here Get rid of this stupid secondary road and parking spaces ",47.49792,8.729662
a168f9c5-9c72-48d1-9bc1-b8119a994e75..jpeg,problem,https://urbanbelonging.app/minio/photo-uploads-prod/e489241b-0e86-4856-a308-61c7130e057f-1600.jpeg,Pedestrian crossing not clearly visible that it is also an exit pedestrians often run over red and you are not aware Create markings on the ground ,47.497955,8.726286
4e2706ca-d22e-45cb-ae6c-7903afe8ae66..jpeg,problem,https://urbanbelonging.app/minio/photo-uploads-prod/2cd2a066-7140-4d66-8882-2623d6d12389-1600.jpeg,Physics buildings does not fit into the cityscape New construction ,47.497566,8.728052
9380b476-039b-478d-b91a-2f028a144ca0..jpeg,problem,https://urbanbelonging.app/minio/photo-uploads-prod/554c8601-f2e1-409d-a502-35827e6da632-1600.jpeg,cars standing around Cars that are illegally standing around in the car-free old town. The cars are ugly and disturb the cityscape. Do not make the old town accessible with bollards and barrier system. Spread more controls and parking buses. ,47.49829,8.72803
0ebfcc4e-2461-4e4e-a959-a0561a05e75c..jpeg,problem,https://urbanbelonging.app/minio/photo-uploads-prod/d43898cb-9af1-4224-9f29-6c50ca8c999f-1600.jpeg,"People watching loud videos on their phones I just find this very annoying and often distracting. I think the other fitgers should be more respected. They could use headphones. Often used to keep children busy, and that is also often annoying and loud and disstracting. Although I understand why, it is just tiring.",47.498013,8.73076
cf6608d1-366c-4e43-8d95-8806258aa9c4..jpeg,problem,https://urbanbelonging.app/minio/photo-uploads-prod/b48fd510-9e58-43fe-a7c5-a5288b0dd4dd-1600.jpeg,"Underpass Technikumstrasse It stinks, it's dark, you feel uncomfortable Better lighting, cleanliness In the Bhf underpass was well renovated",47.497284,8.730339
bf9eadbe-705a-41ad-96d7-3365a1245318..jpeg,problem,https://urbanbelonging.app/minio/photo-uploads-prod/24ad5ea9-0fca-43bb-832e-f3b5f95801db-1600.jpeg,"Meeting buses/enthusiastics Too many buses and people cross without regulation Underpass, traffic lights, marked paths, fences No",47.597015,8.68427
74085256-b084-4881-a430-0dfe797cbc7e..jpeg,problem,https://urbanbelonging.app/minio/photo-uploads-prod/c43237d7-5ddb-4e2b-9b0a-fd45f36850eb-1600.jpeg,"Footpath ZHAW - Bhf. unfavorable Non-liquid green phase Zebra stripe, old town entrance unclear, is not perceived/noted by pedestrians as little car traffic into the old town. Better visible signaling, prioritization of pedestrian streams or steering of pedestrians on alternative grounds: e.g. via rear warehouse or old town. At the stop Deutweg you will experience the same if you want to go to the indoor pool.",47.501495,8.724452
6fd8b4c3-d2f4-4f66-90b8-51fd1d09a14a..jpeg,problem,https://urbanbelonging.app/minio/photo-uploads-prod/189230de-fc82-4135-8810-96b4a86f1d57-1600.jpeg,Train delayed.   ,,
72624c65-3aff-40af-b004-65f3078fea11..jpeg,problem,https://urbanbelonging.app/minio/photo-uploads-prod/00706d3b-5b52-48f3-a926-fa5d1daf9e6e-1600.jpeg,   ,47.482227,8.770192
